ID,SIG,ROSMSG1
544,CYL_PRES,cyl_pres
544,LAT_ACCEL,lat_accel
544,LONG_ACCEL,long_accel
544,YAW_RATE,yaw_rate
897,CF_Mdps_CurrMode,cf_mdps_currmode
897,CF_Mdps_WLmp,cf_mdps_wlmp
897,CR_Mdps_DrvTq,cr_mdps_drvtq
897,CR_Mdps_StrAng,cr_mdps_strang
593,CF_Mdps_Def,cf_mdps_def
593,CR_Mdps_OutTq,cr_mdps_outtq
593,CR_Mdps_StrColTq,cr_mdps_strcoltq
593,CR_Mdps_StrTq,cr_mdps_strtq
688,SAS_Angle,sas_angle
688,SAS_Speed,sas_speed
1287,ESC_Off_Step,esc_off_step
356,CF_Esc_Act,cf_esc_act
356,CF_Esc_CtrMode,cf_esc_ctrmode
356,CF_Esc_Def,cf_esc_def
356,CR_Esc_StrTqReq,cr_esc_strtqreq
902,WHL_SPD_FL,whl_spd_fl
902,WHL_SPD_FR,whl_spd_fr
902,WHL_SPD_RL,whl_spd_rl
902,WHL_SPD_RR,whl_spd_rr
304,CR_Yrs_LatAc,cr_yrs_latac
304,CR_Yrs_Yr,cr_yrs_yr
320,CF_Yrs_Ax,cf_yrs_ax
